Country	Count
IND	54282
PHL	23378
ESP	22668
IDN	22607
BIH	19458
CAN	16852
VNM	15527
SRB	13435
GBR	13267
MEX	12196
ITA	11765
VEN	11135
USA	10996
ROU	10703
HRV	7644
BRA	7095
PRT	6612
PAK	6110
TUR	5142
RUS	4833
ARG	4760
SGP	4039
MYS	4030
GRC	4001
HUN	3680
DEU	3252
MKD	3101
BGR	2763
URY	2624
CHL	2490
IRL	2040
MAR	1800
ARE	1702
POL	1700
NLD	1692
PER	1601
EGY	1481
CHE	1440
HKG	1430
BEL	1421
FRA	1420
BGD	1320
ISR	1271
AUS	1240
SVK	1141
UKR	1121
FIN	1120
DZA	971
JPN	790
EST	700
COL	630
UGA	610
KEN	441
SLV	390
SWE	360
PRI	310
ZAF	200
BHS	180
CYP	150
JOR	120
AUT	90
NPL	90
DOM	80
KWT	70
TZA	70
LVA	40
